{
  "hotels": [{
    "prefix": "hotel_search",
    "annotations": [
      "name.hotel",
      "location.hotel",
      "sub_location.hotel",
      "star_rating",
      "customer_rating",
      "price_range",
      "amenity",
      "num.beds",
      "type.bed",
      "num.rooms",
      "check-in_date",
      "check-out_date",
      "date_range",
      "num.guests",
      "type.room"
    ]
  }, {
    "prefix": "hotel1_detail",
    "annotations": [
      "name.hotel",
      "star_rating",
      "customer_rating",
      "price_per_night",
      "total_fare",
      "amenity",
      "location",
      "type.room"
    ]
  }, {
    "prefix": "hotel2_detail",
    "annotations": [
      "name.hotel",
      "star_rating",
      "customer_rating",
      "price_per_night",
      "total_fare",
      "amenity",
      "location",
      "type.room"
    ]
  }, {
    "prefix": "hotel3_detail",
    "annotations": [
      "name.hotel",
      "star_rating",
      "customer_rating",
      "price_per_night",
      "total_fare",
      "amenity",
      "location",
      "type.room"
    ]
  }, {
    "prefix": "hotel4_detail",
    "annotations": [
      "name.hotel",
      "star_rating",
      "customer_rating",
      "price_per_night",
      "total_fare",
      "amenity",
      "location",
      "type.room"
    ]
  }, {
    "prefix": "hotel5_detail",
    "annotations": [
      "name.hotel",
      "star_rating",
      "customer_rating",
      "price_per_night",
      "total_fare",
      "amenity",
      "location",
      "type.room"
    ]
  }]
}
