{
  "movies": [{
    "prefix": "movie_search",
    "annotations": [
      "name.movie",
      "genre",
      "name.theater",
      "location.theater",
      "time.start",
      "time.end",
      "price.ticket",
      "price.streaming",
      "type.screening",
      "audience_rating",
      "movie_rating",
      "release_date",
      "runtime",
      "real_person",
      "character",
      "streaming_service"
    ]
  }, {
    "prefix": "movie_ticket",
    "annotations": [
      "name.movie",
      "name.theater",
      "num.tickets",
      "time.start",
      "type.screening",
      "seating"
    ]
  }]
}