{
  "sports": [{
    "prefix": "epl",
    "annotations": [
      "name.team",
      "record.team",
      "record.games_ahead",
      "record.games_back",
      "place.team",
      "result.match",
      "score.match",
      "date.match",
      "day.match",
      "time.match",
      "name.player",
      "position.player",
      "record.player",
      "name.non_player",
      "venue"
    ]
  }, {
    "prefix": "mlb",
    "annotations": [
      "name.team",
      "record.team",
      "record.games_ahead",
      "record.games_back",
      "place.team",
      "result.match",
      "score.match",
      "date.match",
      "day.match",
      "time.match",
      "name.player",
      "position.player",
      "record.player",
      "name.non_player",
      "venue"
    ]
  }, {
    "prefix": "mls",
    "annotations": [
      "name.team",
      "record.team",
      "record.games_ahead",
      "record.games_back",
      "place.team",
      "result.match",
      "score.match",
      "date.match",
      "day.match",
      "time.match",
      "name.player",
      "position.player",
      "record.player",
      "name.non_player",
      "venue"
    ]
  }, {
    "prefix": "nba",
    "annotations": [
      "name.team",
      "record.team",
      "record.games_ahead",
      "record.games_back",
      "place.team",
      "result.match",
      "score.match",
      "date.match",
      "day.match",
      "time.match",
      "name.player",
      "position.player",
      "record.player",
      "name.non_player",
      "venue"
    ]
  }, {
    "prefix": "nfl",
    "annotations": [
      "name.team",
      "record.team",
      "record.games_ahead",
      "record.games_back",
      "place.team",
      "result.match",
      "score.match",
      "date.match",
      "day.match",
      "time.match",
      "name.player",
      "position.player",
      "record.player",
      "name.non_player",
      "venue"
    ]
  }]
}
